KR1H1955603;Kemptner;KR1H1955603.jpg;1H1955603
KR1035A422 ;Kemptner;KR1035A422 (2).jpg;1035A422
KR1035A422 ;Kemptner;KR1035A422.jpg ;1035A422
KR1629G0;Kemptner;KR1629G0.jpg;1629G0
KR8251A031;Kemptner;KR8251A031.jpg;8251A031
KR28800JD900;Kemptner;KR28800JD900.jpg;28800JD900
KR288009U10B;Kemptner;KR288009U10B.jpg;288009U10B
KR1071323;Kemptner;KR1071323.jpg;1071323
KR1209177 ;Kemptner;KR1209177 (2).jpg;1209177
KR1209177 ;Kemptner;KR1209177 (3).jpg;1209177
KR1209177;Kemptner;KR1209177.jpg;1209177
KR1213023;Kemptner;KR1213023.jpg;1213023
KR1213025;Kemptner;KR1213025.jpg;1213025
KR1252259;Kemptner;KR1252259.jpg;1252259
KR1252267 ;Kemptner;KR1252267 (2).jpg;1252267
KR1252267;Kemptner;KR1252267.jpg;1252267
KR1316867;Kemptner;KR1316867.jpg;1316867
KR1316868;Kemptner;KR1316868.jpg;1316868
KR1317135;Kemptner;KR1317135.jpg;1317135
KR1322687;Kemptner;KR1322687.jpg;1322687
KR1335005;Kemptner;KR1335005.jpg;1335005
KR1353157;Kemptner;KR1353157.jpg;1353157
KR1355231;Kemptner;KR1355231.jpg;1355231
KR1355231L ;Kemptner;KR1355231L (2).jpg;1355231
KR1355231L;Kemptner;KR1355231L.jpg;1355231
KR1357313;Kemptner;KR1357313.jpg;1357313
KR1377330;Kemptner;KR1377330.jpg;1377330
KR1429118;Kemptner;KR1429118.jpg;1429118
KR1462955;Kemptner;KR1462955.jpg;1462955
KR1474907 ;Kemptner;KR1474907 (2).jpg;1474907
KR1474907;Kemptner;KR1474907.jpg;1474907
KR1483957 ;Kemptner;KR1483957 (2).jpg;1483957
KR1483957;Kemptner;KR1483957.jpg;1483957
KR1506989F;Kemptner;KR1506989F.jpg;1506989
KR1520846;Kemptner;KR1520846.jpg;1520846
KR1521717;Kemptner;KR1521717.jpg;1521717
KR1532603;Kemptner;KR1532603.jpg;1532603
KR1537636;Kemptner;KR1537636.jpg;1537636
KR1537776;Kemptner;KR1537776.jpg;1537776
KR1538488;Kemptner;KR1538488.jpg;1538488
KR1538489;Kemptner;KR1538489.jpg;1538489
KR1556736;Kemptner;KR1556736.jpg;1556736
KR1581833;Kemptner;KR1581833.jpg;1581833
KR1602781F;Kemptner;KR1602781F.jpg;1602781
KR1602781M;Kemptner;KR1602781M.jpg;1602781
KR1694984;Kemptner;KR1694984.jpg;1694984
KR1694986;Kemptner;KR1694986.jpg;1694986
KR1702946;Kemptner;KR1702946.jpg;1702946
KR1704580;Kemptner;KR1704580.jpg;1704580
KR1704625;Kemptner;KR1704625.jpg;1704625
KR1705332;Kemptner;KR1705332.jpg;1705332
KR1706807;Kemptner;KR1706807.jpg;1706807
KR1746394;Kemptner;KR1746394.jpg;1746394
KR1758504;Kemptner;KR1758504.jpg;1758504
KR1763039;Kemptner;KR1763039.jpg;1763039
KR1769835;Kemptner;KR1769835.jpg;1769835
KR4097481;Kemptner;KR4097481.jpg;4097481
KR4502331;Kemptner;KR4502331.jpg;4502331
KR5104007;Kemptner;KR5104007.jpg;5104007
KR6093748 ;Kemptner;KR6093748 (2).jpg;6093748
KR6093748;Kemptner;KR6093748.jpg;6093748
KR13003501;Kemptner;KR13003501.jpg;13003501
KR13334022;Kemptner;KR13334022.jpg;13334022
KR13334023;Kemptner;KR13334023.jpg;13334023
KR851500020;Kemptner;KR851500020jpg;851500020
KR8515005060;Kemptner;KR8515005060.jpg;8515005060
KR8515060230;Kemptner;KR8515060230.jpg;8515060230
KRBP4K67360E;Kemptner;KRBP4K67360E.jpg;BP4K67360E
KRGJ6A61J14B;Kemptner;KRGJ6A61J14B.jpg;GJ6A61J14B
KRLF171335ZD;Kemptner;KRLF171335ZD.jpg;LF171335ZD
KRLF941517Z;Kemptner;KRLF941517Z.jpg;LF941517Z
KRLF8218740;Kemptner;KRLF8218740.jpg;LF8218740
KRLFB613ZE1;Kemptner;KRLFB613ZE1.jpg;LFB613ZE1
KRMB952178;Kemptner;KRMB952178.jpg;MB952178
KRMR263723;Kemptner;KRMR263723.jpg;MR263723
KR1456980;Kemptner;KR1456980.jpg;1456980
